isbn,titulo,autor,editorial,anioPublicacion,categoria,descripcion,portadaUrl,idioma,cantidadTotal,cantidadDisponible,tags
49f36730-6ae1-4b91-a95c-b099ca641904,Psicología aplicada 1,Autor 34,Pearson,1994,Psicología,Ejemplar de Psicología aplicada 1 para la categoría Psicología.,https://placehold.co/200x300?text=Psicología+aplicada+1,Español,17,9,"análisis, didáctico, teoría"
04760860-33ff-454a-9475-63f37ac55ce4,Psicología aplicada 1,Autor 34,Omega,2016,Psicología,Ejemplar de Psicología aplicada 1 para la categoría Psicología.,https://placehold.co/200x300?text=Psicología+aplicada+1,Español,13,0,"análisis, moderno, investigación"
1e0d3ab1-8d40-4c3a-9e84-25d3d05575ef,Psicología aplicada 1,Autor 34,Alfa,2006,Psicología,Ejemplar de Psicología aplicada 1 para la categoría Psicología.,https://placehold.co/200x300?text=Psicología+aplicada+1,Alemán,12,12,"investigación, análisis, aprendizaje"
ba1c1996-c16c-4635-a3cc-8d1750a62ebe,Psicología aplicada 1,Autor 34,Pearson,1996,Psicología,Ejemplar de Psicología aplicada 1 para la categoría Psicología.,https://placehold.co/200x300?text=Psicología+aplicada+1,Alemán,17,0,"moderno, teoría, aprendizaje"
9935a0c2-f51a-463c-8ff9-f54c9aa7b31f,Psicología aplicada 1,Autor 34,Omega,1996,Psicología,Ejemplar de Psicología aplicada 1 para la categoría Psicología.,https://placehold.co/200x300?text=Psicología+aplicada+1,Inglés,14,4,"teoría, didáctico, moderno"
df68ee2d-e402-472d-9941-e4dd19d3e0de,Psicología aplicada 1,Autor 34,Pearson,2024,Psicología,Ejemplar de Psicología aplicada 1 para la categoría Psicología.,https://placehold.co/200x300?text=Psicología+aplicada+1,Francés,8,0,"investigación, moderno, aprendizaje"
fed74f87-3e75-4054-9b6e-92b7c7e06d4a,Geografía aplicada 2,Autor 10,Alfa,2001,Geografía,Ejemplar de Geografía aplicada 2 para la categoría Geografía.,https://placehold.co/200x300?text=Geografía+aplicada+2,Italiano,12,10,"moderno, investigación, análisis"
1314f397-d42f-4a54-b4eb-82289c0f3827,Geografía aplicada 2,Autor 10,Santillana,2021,Geografía,Ejemplar de Geografía aplicada 2 para la categoría Geografía.,https://placehold.co/200x300?text=Geografía+aplicada+2,Alemán,9,2,"moderno, teoría, análisis"
b490a46d-4806-48e0-aee5-04cd7ebf7bf9,Geografía aplicada 2,Autor 10,McGraw-Hill,1996,Geografía,Ejemplar de Geografía aplicada 2 para la categoría Geografía.,https://placehold.co/200x300?text=Geografía+aplicada+2,Francés,10,3,"didáctico, teoría, moderno"
242b72b6-28ac-43cd-a9fb-78e30f6be4db,Geografía aplicada 2,Autor 10,Omega,2010,Geografía,Ejemplar de Geografía aplicada 2 para la categoría Geografía.,https://placehold.co/200x300?text=Geografía+aplicada+2,Francés,6,0,"aprendizaje, análisis, introducción"
dddacfd7-ef79-43cd-8426-79073317fc8c,Geografía aplicada 2,Autor 10,Pearson,1992,Geografía,Ejemplar de Geografía aplicada 2 para la categoría Geografía.,https://placehold.co/200x300?text=Geografía+aplicada+2,Italiano,9,0,"moderno, investigación, introducción"
8dde6e2d-002c-4798-ac54-aedd19a38c16,Geografía aplicada 2,Autor 10,Planeta,1999,Geografía,Ejemplar de Geografía aplicada 2 para la categoría Geografía.,https://placehold.co/200x300?text=Geografía+aplicada+2,Francés,17,13,"didáctico, introducción, moderno"
d8fff227-e993-4d30-b7b9-3bc90da38bd0,Psicología aplicada 3,Autor 10,Pearson,1998,Psicología,Ejemplar de Psicología aplicada 3 para la categoría Psicología.,https://placehold.co/200x300?text=Psicología+aplicada+3,Alemán,7,5,"análisis, introducción, teoría"
ba73c1f7-36fd-4e94-8f0c-89508d893cfd,Psicología aplicada 3,Autor 10,Santillana,2018,Psicología,Ejemplar de Psicología aplicada 3 para la categoría Psicología.,https://placehold.co/200x300?text=Psicología+aplicada+3,Francés,9,8,"investigación, teoría, análisis"
60328d3d-16ca-44b4-9825-509f8718d9ec,Psicología aplicada 3,Autor 10,Santillana,2005,Psicología,Ejemplar de Psicología aplicada 3 para la categoría Psicología.,https://placehold.co/200x300?text=Psicología+aplicada+3,Alemán,6,5,"investigación, guía, análisis"
85f834eb-d705-4d33-86eb-f78afd63fb0e,Psicología aplicada 3,Autor 10,Omega,2016,Psicología,Ejemplar de Psicología aplicada 3 para la categoría Psicología.,https://placehold.co/200x300?text=Psicología+aplicada+3,Alemán,6,5,"análisis, didáctico, investigación"
30cc5bd8-3009-4c05-92df-c03bf463839e,Psicología aplicada 3,Autor 10,McGraw-Hill,2021,Psicología,Ejemplar de Psicología aplicada 3 para la categoría Psicología.,https://placehold.co/200x300?text=Psicología+aplicada+3,Alemán,20,0,"aprendizaje, análisis, teoría"
745eee46-a512-4274-ab7f-16a69e84c563,Psicología aplicada 3,Autor 10,Alfa,2011,Psicología,Ejemplar de Psicología aplicada 3 para la categoría Psicología.,https://placehold.co/200x300?text=Psicología+aplicada+3,Inglés,14,3,"moderno, didáctico, aprendizaje"
3605af70-e2da-45c6-bcb5-6b842e702711,Idiomas aplicada 4,Autor 11,Alfa,1992,Idiomas,Ejemplar de Idiomas aplicada 4 para la categoría Idiomas.,https://placehold.co/200x300?text=Idiomas+aplicada+4,Alemán,7,6,"análisis, introducción, guía"
ea903ddd-f95e-4db6-a2f0-bb7ef95dcaec,Idiomas aplicada 4,Autor 11,Planeta,2002,Idiomas,Ejemplar de Idiomas aplicada 4 para la categoría Idiomas.,https://placehold.co/200x300?text=Idiomas+aplicada+4,Alemán,20,9,"análisis, teoría, investigación"
f37e23f5-1b38-4a96-8f02-1546032e9ba3,Idiomas aplicada 4,Autor 11,Alfa,2021,Idiomas,Ejemplar de Idiomas aplicada 4 para la categoría Idiomas.,https://placehold.co/200x300?text=Idiomas+aplicada+4,Italiano,9,9,"moderno, didáctico, guía"
e8db72f9-d8e4-4191-a0f4-432843bc529d,Idiomas aplicada 4,Autor 11,McGraw-Hill,1995,Idiomas,Ejemplar de Idiomas aplicada 4 para la categoría Idiomas.,https://placehold.co/200x300?text=Idiomas+aplicada+4,Español,10,5,"investigación, análisis, aprendizaje"
5faf0455-ce6d-43ab-b00e-feabfe6d3916,Idiomas aplicada 4,Autor 11,Omega,1994,Idiomas,Ejemplar de Idiomas aplicada 4 para la categoría Idiomas.,https://placehold.co/200x300?text=Idiomas+aplicada+4,Español,5,0,"introducción, análisis, moderno"
9df769c2-be13-4205-bc82-4e399d113d70,Idiomas aplicada 4,Autor 11,Pearson,2020,Idiomas,Ejemplar de Idiomas aplicada 4 para la categoría Idiomas.,https://placehold.co/200x300?text=Idiomas+aplicada+4,Inglés,19,8,"teoría, investigación, didáctico"
b4f6140b-e15c-470d-aec5-03de0e74d8c9,Idiomas aplicada 5,Autor 7,McGraw-Hill,1991,Idiomas,Ejemplar de Idiomas aplicada 5 para la categoría Idiomas.,https://placehold.co/200x300?text=Idiomas+aplicada+5,Inglés,12,0,"investigación, guía, análisis"
65d2ded3-2d2b-4dde-8d46-820f0c7aa2c6,Idiomas aplicada 5,Autor 7,Santillana,2012,Idiomas,Ejemplar de Idiomas aplicada 5 para la categoría Idiomas.,https://placehold.co/200x300?text=Idiomas+aplicada+5,Italiano,16,11,"guía, análisis, didáctico"
5b518f69-10f6-43db-a24f-6bab4288c638,Idiomas aplicada 5,Autor 7,Pearson,2007,Idiomas,Ejemplar de Idiomas aplicada 5 para la categoría Idiomas.,https://placehold.co/200x300?text=Idiomas+aplicada+5,Italiano,7,6,"aprendizaje, investigación, guía"
31b45137-c0d2-4ac8-b0fc-ed73e364a6bb,Idiomas aplicada 5,Autor 7,Norma,2003,Idiomas,Ejemplar de Idiomas aplicada 5 para la categoría Idiomas.,https://placehold.co/200x300?text=Idiomas+aplicada+5,Español,19,8,"análisis, investigación, guía"
de3b76fb-4269-49b0-8841-2a624ea59d25,Geografía aplicada 6,Autor 13,Norma,1999,Geografía,Ejemplar de Geografía aplicada 6 para la categoría Geografía.,https://placehold.co/200x300?text=Geografía+aplicada+6,Inglés,11,2,"teoría, análisis, aprendizaje"
5a12381d-d452-498f-a2e1-475de2dfae4e,Geografía aplicada 6,Autor 13,Norma,2021,Geografía,Ejemplar de Geografía aplicada 6 para la categoría Geografía.,https://placehold.co/200x300?text=Geografía+aplicada+6,Inglés,20,1,"investigación, guía, moderno"
946bb9fc-ceb3-4357-b823-cf16bc0bb0c3,Matemáticas aplicada 7,Autor 48,McGraw-Hill,1999,Matemáticas,Ejemplar de Matemáticas aplicada 7 para la categoría Matemáticas.,https://placehold.co/200x300?text=Matemáticas+aplicada+7,Alemán,17,13,"introducción, moderno, teoría"
e0fe3eae-ad98-4a39-9e45-432e27c088e5,Matemáticas aplicada 7,Autor 48,Santillana,2013,Matemáticas,Ejemplar de Matemáticas aplicada 7 para la categoría Matemáticas.,https://placehold.co/200x300?text=Matemáticas+aplicada+7,Inglés,6,5,"didáctico, análisis, aprendizaje"
b9f311e2-3af0-401f-a6a9-58c2c21e598a,Matemáticas aplicada 7,Autor 48,Santillana,1998,Matemáticas,Ejemplar de Matemáticas aplicada 7 para la categoría Matemáticas.,https://placehold.co/200x300?text=Matemáticas+aplicada+7,Inglés,7,2,"investigación, guía, didáctico"
cd4bd7b2-df21-4758-91c5-128cfd3dfad3,Matemáticas aplicada 7,Autor 48,Norma,2003,Matemáticas,Ejemplar de Matemáticas aplicada 7 para la categoría Matemáticas.,https://placehold.co/200x300?text=Matemáticas+aplicada+7,Español,19,9,"análisis, didáctico, introducción"
ad9a8e8a-850e-44a0-b90e-397a90613272,Matemáticas aplicada 7,Autor 48,Santillana,2004,Matemáticas,Ejemplar de Matemáticas aplicada 7 para la categoría Matemáticas.,https://placehold.co/200x300?text=Matemáticas+aplicada+7,Alemán,13,11,"didáctico, teoría, investigación"
880c4f93-797e-4093-8379-82cb9145d6ae,Matemáticas aplicada 7,Autor 48,Alfa,1991,Matemáticas,Ejemplar de Matemáticas aplicada 7 para la categoría Matemáticas.,https://placehold.co/200x300?text=Matemáticas+aplicada+7,Francés,20,0,"moderno, guía, análisis"
4965e37c-1a4b-40f7-b3bf-a7253c9f2bd9,Educación aplicada 8,Autor 15,Omega,2019,Educación,Ejemplar de Educación aplicada 8 para la categoría Educación.,https://placehold.co/200x300?text=Educación+aplicada+8,Francés,17,4,"aprendizaje, introducción, didáctico"
a54d42fc-d955-4437-a2ba-dc913bf41a4f,Educación aplicada 8,Autor 15,Alfa,2014,Educación,Ejemplar de Educación aplicada 8 para la categoría Educación.,https://placehold.co/200x300?text=Educación+aplicada+8,Español,19,2,"análisis, didáctico, teoría"
82ab9f86-eb31-4100-ab1c-a5804f37f169,Educación aplicada 8,Autor 15,Pearson,2015,Educación,Ejemplar de Educación aplicada 8 para la categoría Educación.,https://placehold.co/200x300?text=Educación+aplicada+8,Francés,19,13,"moderno, teoría, didáctico"
c89b0eda-3d13-4cda-a20a-9bf13df6eede,Educación aplicada 8,Autor 15,McGraw-Hill,1994,Educación,Ejemplar de Educación aplicada 8 para la categoría Educación.,https://placehold.co/200x300?text=Educación+aplicada+8,Inglés,10,6,"moderno, investigación, introducción"
05669a39-a1b2-4b94-8630-081cd947eeac,Educación aplicada 8,Autor 15,Planeta,2003,Educación,Ejemplar de Educación aplicada 8 para la categoría Educación.,https://placehold.co/200x300?text=Educación+aplicada+8,Francés,10,6,"análisis, introducción, didáctico"
2b303820-c415-4411-b507-b57c5642ad9d,Psicología aplicada 9,Autor 9,Santillana,2024,Psicología,Ejemplar de Psicología aplicada 9 para la categoría Psicología.,https://placehold.co/200x300?text=Psicología+aplicada+9,Italiano,15,12,"moderno, introducción, didáctico"
d3d97282-228b-4e7f-ba07-36288bc0f3db,Psicología aplicada 9,Autor 9,Pearson,1995,Psicología,Ejemplar de Psicología aplicada 9 para la categoría Psicología.,https://placehold.co/200x300?text=Psicología+aplicada+9,Inglés,6,6,"aprendizaje, moderno, investigación"
3ea10aa6-6d54-40e3-97b8-322d37d646c9,Psicología aplicada 9,Autor 9,Omega,2001,Psicología,Ejemplar de Psicología aplicada 9 para la categoría Psicología.,https://placehold.co/200x300?text=Psicología+aplicada+9,Inglés,14,8,"aprendizaje, guía, introducción"
60ae046e-c1a5-4f33-b29f-e8dfb547b94e,Psicología aplicada 9,Autor 9,Planeta,2020,Psicología,Ejemplar de Psicología aplicada 9 para la categoría Psicología.,https://placehold.co/200x300?text=Psicología+aplicada+9,Alemán,12,2,"análisis, teoría, introducción"
65b6c93e-926b-48ee-9766-f2c0fcc401c2,Psicología aplicada 9,Autor 9,Pearson,2005,Psicología,Ejemplar de Psicología aplicada 9 para la categoría Psicología.,https://placehold.co/200x300?text=Psicología+aplicada+9,Italiano,10,9,"didáctico, análisis, investigación"
eebc274d-11fc-4dfc-9b92-e494937e21e7,Psicología aplicada 9,Autor 9,Santillana,2009,Psicología,Ejemplar de Psicología aplicada 9 para la categoría Psicología.,https://placehold.co/200x300?text=Psicología+aplicada+9,Francés,10,10,"introducción, didáctico, análisis"
1b18d8cf-6b83-411f-9eca-68c7198d4d46,Matemáticas aplicada 10,Autor 41,Pearson,1997,Matemáticas,Ejemplar de Matemáticas aplicada 10 para la categoría Matemáticas.,https://placehold.co/200x300?text=Matemáticas+aplicada+10,Alemán,20,4,"guía, introducción, teoría"
46bfadb1-4e58-4fd1-9313-4f473c9f265f,Matemáticas aplicada 10,Autor 41,Santillana,2007,Matemáticas,Ejemplar de Matemáticas aplicada 10 para la categoría Matemáticas.,https://placehold.co/200x300?text=Matemáticas+aplicada+10,Español,16,2,"moderno, didáctico, introducción"
df45fa95-aa7d-417f-9930-28f4f0505016,Matemáticas aplicada 10,Autor 41,Norma,2018,Matemáticas,Ejemplar de Matemáticas aplicada 10 para la categoría Matemáticas.,https://placehold.co/200x300?text=Matemáticas+aplicada+10,Alemán,17,17,"análisis, guía, investigación"
696fbb37-2276-445e-bbe8-3f10161e1592,Filosofía aplicada 11,Autor 21,Planeta,2018,Filosofía,Ejemplar de Filosofía aplicada 11 para la categoría Filosofía.,https://placehold.co/200x300?text=Filosofía+aplicada+11,Español,20,5,"aprendizaje, investigación, moderno"
5e418a9b-11dd-4ada-96aa-cafc43c16e0c,Filosofía aplicada 11,Autor 21,Santillana,2006,Filosofía,Ejemplar de Filosofía aplicada 11 para la categoría Filosofía.,https://placehold.co/200x300?text=Filosofía+aplicada+11,Español,10,2,"teoría, guía, investigación"
178badc7-3a6e-425e-ace6-50b9c6415484,Psicología aplicada 12,Autor 6,McGraw-Hill,2000,Psicología,Ejemplar de Psicología aplicada 12 para la categoría Psicología.,https://placehold.co/200x300?text=Psicología+aplicada+12,Alemán,5,4,"guía, moderno, investigación"
149fc266-c3f9-4c39-98fa-eebf80604b24,Psicología aplicada 12,Autor 6,Santillana,1999,Psicología,Ejemplar de Psicología aplicada 12 para la categoría Psicología.,https://placehold.co/200x300?text=Psicología+aplicada+12,Francés,15,2,"guía, introducción, aprendizaje"
607fc24b-6243-462b-a5f4-923f8c9fb4c1,Psicología aplicada 12,Autor 6,Pearson,2014,Psicología,Ejemplar de Psicología aplicada 12 para la categoría Psicología.,https://placehold.co/200x300?text=Psicología+aplicada+12,Francés,12,11,"moderno, guía, aprendizaje"
5ff5745a-2664-4935-9604-12ab335e7672,Psicología aplicada 12,Autor 6,Pearson,1993,Psicología,Ejemplar de Psicología aplicada 12 para la categoría Psicología.,https://placehold.co/200x300?text=Psicología+aplicada+12,Francés,13,11,"moderno, aprendizaje, introducción"
8056568e-6904-4e9c-ac35-04eb555a7dd3,Psicología aplicada 12,Autor 6,Planeta,2005,Psicología,Ejemplar de Psicología aplicada 12 para la categoría Psicología.,https://placehold.co/200x300?text=Psicología+aplicada+12,Inglés,13,0,"teoría, guía, introducción"
d2c4da3d-63f9-4385-be52-4d68100aa5d2,Psicología aplicada 12,Autor 6,Norma,2024,Psicología,Ejemplar de Psicología aplicada 12 para la categoría Psicología.,https://placehold.co/200x300?text=Psicología+aplicada+12,Francés,19,9,"análisis, investigación, didáctico"
725a4dce-f856-4d49-9c0c-6a4036fca5e1,Arte aplicada 13,Autor 36,Santillana,1996,Arte,Ejemplar de Arte aplicada 13 para la categoría Arte.,https://placehold.co/200x300?text=Arte+aplicada+13,Francés,12,2,"moderno, didáctico, análisis"
23312167-7b71-4fd7-8ffd-0042f4005789,Arte aplicada 13,Autor 36,Pearson,2002,Arte,Ejemplar de Arte aplicada 13 para la categoría Arte.,https://placehold.co/200x300?text=Arte+aplicada+13,Francés,14,8,"moderno, teoría, análisis"
5baa9036-1659-496b-8f24-c65c27340e33,Arte aplicada 13,Autor 36,McGraw-Hill,2017,Arte,Ejemplar de Arte aplicada 13 para la categoría Arte.,https://placehold.co/200x300?text=Arte+aplicada+13,Francés,19,12,"investigación, didáctico, guía"
d75a97f7-04a8-4eb0-bd85-3e68ff29ae34,Arte aplicada 13,Autor 36,Alfa,2014,Arte,Ejemplar de Arte aplicada 13 para la categoría Arte.,https://placehold.co/200x300?text=Arte+aplicada+13,Español,14,8,"introducción, teoría, análisis"
ac9ed867-3eb8-47e6-9e63-b2ab91fa5705,Arte aplicada 13,Autor 36,Alfa,1993,Arte,Ejemplar de Arte aplicada 13 para la categoría Arte.,https://placehold.co/200x300?text=Arte+aplicada+13,Alemán,18,18,"introducción, moderno, aprendizaje"
bfb1d35b-6eb0-4c64-a364-cbf4cb89ad50,Economía aplicada 14,Autor 24,McGraw-Hill,1997,Economía,Ejemplar de Economía aplicada 14 para la categoría Economía.,https://placehold.co/200x300?text=Economía+aplicada+14,Francés,10,3,"moderno, investigación, teoría"
594f8c32-6224-4182-984f-93ea911673e0,Economía aplicada 14,Autor 24,Planeta,2012,Economía,Ejemplar de Economía aplicada 14 para la categoría Economía.,https://placehold.co/200x300?text=Economía+aplicada+14,Inglés,9,9,"guía, análisis, aprendizaje"
bb986bf7-d55e-43b7-a2ba-4213ccfe85b5,Economía aplicada 14,Autor 24,Planeta,2015,Economía,Ejemplar de Economía aplicada 14 para la categoría Economía.,https://placehold.co/200x300?text=Economía+aplicada+14,Alemán,10,9,"didáctico, investigación, moderno"
6a0b84be-6804-4cfe-bda5-b6330a649715,Economía aplicada 14,Autor 24,Alfa,1994,Economía,Ejemplar de Economía aplicada 14 para la categoría Economía.,https://placehold.co/200x300?text=Economía+aplicada+14,Alemán,19,14,"guía, aprendizaje, introducción"
e358a43f-5f41-4b0e-ab7e-5cc46d516a63,Arte aplicada 15,Autor 46,Pearson,2020,Arte,Ejemplar de Arte aplicada 15 para la categoría Arte.,https://placehold.co/200x300?text=Arte+aplicada+15,Español,20,10,"teoría, moderno, análisis"
0040de72-f6d3-45c6-8a8f-b1cc58c0fdbe,Arte aplicada 15,Autor 46,Omega,2007,Arte,Ejemplar de Arte aplicada 15 para la categoría Arte.,https://placehold.co/200x300?text=Arte+aplicada+15,Español,10,10,"didáctico, teoría, aprendizaje"
168fd7ce-436d-4c7c-baec-3670c9f7646b,Arte aplicada 15,Autor 46,Omega,1998,Arte,Ejemplar de Arte aplicada 15 para la categoría Arte.,https://placehold.co/200x300?text=Arte+aplicada+15,Español,9,9,"aprendizaje, didáctico, investigación"
f126a11c-cac4-42b0-aaf5-db2e4f3678f9,Idiomas aplicada 16,Autor 15,Norma,2024,Idiomas,Ejemplar de Idiomas aplicada 16 para la categoría Idiomas.,https://placehold.co/200x300?text=Idiomas+aplicada+16,Inglés,12,11,"introducción, aprendizaje, didáctico"
5f721816-ae34-471a-a682-f7c5cb69028f,Idiomas aplicada 16,Autor 15,Norma,2006,Idiomas,Ejemplar de Idiomas aplicada 16 para la categoría Idiomas.,https://placehold.co/200x300?text=Idiomas+aplicada+16,Francés,16,6,"moderno, aprendizaje, análisis"
2ae576fd-dee0-49e1-bcd2-f332e5413cbf,Idiomas aplicada 16,Autor 15,McGraw-Hill,1990,Idiomas,Ejemplar de Idiomas aplicada 16 para la categoría Idiomas.,https://placehold.co/200x300?text=Idiomas+aplicada+16,Alemán,16,0,"teoría, investigación, guía"
1201fbff-61db-433a-8681-e0da5caaf0af,Idiomas aplicada 16,Autor 15,Planeta,1998,Idiomas,Ejemplar de Idiomas aplicada 16 para la categoría Idiomas.,https://placehold.co/200x300?text=Idiomas+aplicada+16,Inglés,9,1,"aprendizaje, guía, análisis"
79f7648b-15ed-4554-a0bb-780fc2dd6109,Química aplicada 17,Autor 23,Alfa,1992,Química,Ejemplar de Química aplicada 17 para la categoría Química.,https://placehold.co/200x300?text=Química+aplicada+17,Inglés,7,7,"moderno, investigación, guía"
6df2bbed-884b-4ede-a8be-08dc7a3500bc,Química aplicada 17,Autor 23,Omega,2009,Química,Ejemplar de Química aplicada 17 para la categoría Química.,https://placehold.co/200x300?text=Química+aplicada+17,Alemán,11,4,"análisis, investigación, didáctico"
6cb64b66-1243-4d26-927d-58107c371d32,Química aplicada 17,Autor 23,Omega,2017,Química,Ejemplar de Química aplicada 17 para la categoría Química.,https://placehold.co/200x300?text=Química+aplicada+17,Español,9,7,"guía, teoría, introducción"
2dd2e0a8-822f-42ef-a272-00a6dea5f23e,Química aplicada 17,Autor 23,Planeta,2001,Química,Ejemplar de Química aplicada 17 para la categoría Química.,https://placehold.co/200x300?text=Química+aplicada+17,Italiano,19,4,"introducción, didáctico, guía"
34cfb588-59ac-4965-87a9-5d54708880ee,Química aplicada 17,Autor 23,McGraw-Hill,1991,Química,Ejemplar de Química aplicada 17 para la categoría Química.,https://placehold.co/200x300?text=Química+aplicada+17,Alemán,5,4,"análisis, didáctico, guía"
97ae5e8a-1f31-485f-b5bc-173efccdb61d,Arte aplicada 18,Autor 45,Santillana,2022,Arte,Ejemplar de Arte aplicada 18 para la categoría Arte.,https://placehold.co/200x300?text=Arte+aplicada+18,Español,16,1,"investigación, aprendizaje, introducción"
8a329b2b-d9eb-4659-9ee1-06943aeab2fd,Arte aplicada 18,Autor 45,Pearson,2010,Arte,Ejemplar de Arte aplicada 18 para la categoría Arte.,https://placehold.co/200x300?text=Arte+aplicada+18,Español,9,7,"guía, aprendizaje, didáctico"
a1071e2e-347b-42a2-a74a-edaa310bcd1f,Arte aplicada 18,Autor 45,Planeta,1992,Arte,Ejemplar de Arte aplicada 18 para la categoría Arte.,https://placehold.co/200x300?text=Arte+aplicada+18,Francés,19,3,"moderno, guía, teoría"
d9a3758a-0c27-489a-a1cd-c8de98976eb3,Arte aplicada 18,Autor 45,McGraw-Hill,2010,Arte,Ejemplar de Arte aplicada 18 para la categoría Arte.,https://placehold.co/200x300?text=Arte+aplicada+18,Francés,10,8,"investigación, introducción, aprendizaje"
24b8cbd4-3c56-42cf-b2d8-cbab6fec09e1,Matemáticas aplicada 19,Autor 30,Omega,2004,Matemáticas,Ejemplar de Matemáticas aplicada 19 para la categoría Matemáticas.,https://placehold.co/200x300?text=Matemáticas+aplicada+19,Italiano,7,0,"didáctico, introducción, aprendizaje"
cd1c367d-fe8c-4b4d-b59f-16052cf5f1b8,Matemáticas aplicada 19,Autor 30,Santillana,1997,Matemáticas,Ejemplar de Matemáticas aplicada 19 para la categoría Matemáticas.,https://placehold.co/200x300?text=Matemáticas+aplicada+19,Alemán,9,3,"teoría, análisis, didáctico"
08b24270-7cea-4a2c-8091-bc79a57dbece,Matemáticas aplicada 19,Autor 30,Alfa,1990,Matemáticas,Ejemplar de Matemáticas aplicada 19 para la categoría Matemáticas.,https://placehold.co/200x300?text=Matemáticas+aplicada+19,Italiano,19,19,"análisis, didáctico, investigación"
085ae1db-05f4-42ee-b96e-209d73f5a70f,Matemáticas aplicada 19,Autor 30,Planeta,2003,Matemáticas,Ejemplar de Matemáticas aplicada 19 para la categoría Matemáticas.,https://placehold.co/200x300?text=Matemáticas+aplicada+19,Italiano,20,13,"guía, moderno, teoría"
3cc7730a-46a1-47ac-a06c-af4edfa36acd,Geografía aplicada 20,Autor 29,Norma,2007,Geografía,Ejemplar de Geografía aplicada 20 para la categoría Geografía.,https://placehold.co/200x300?text=Geografía+aplicada+20,Inglés,18,6,"didáctico, guía, análisis"
ce2daf4a-19e6-4558-ab7e-2d715ff6d51a,Geografía aplicada 20,Autor 29,Norma,2024,Geografía,Ejemplar de Geografía aplicada 20 para la categoría Geografía.,https://placehold.co/200x300?text=Geografía+aplicada+20,Francés,7,2,"aprendizaje, análisis, investigación"
b25cde85-81d6-4817-b39a-a2819e7a989e,Matemáticas aplicada 21,Autor 24,Pearson,1991,Matemáticas,Ejemplar de Matemáticas aplicada 21 para la categoría Matemáticas.,https://placehold.co/200x300?text=Matemáticas+aplicada+21,Italiano,7,7,"didáctico, investigación, teoría"
8f869578-3712-4162-980c-98f1d15d0d9f,Matemáticas aplicada 21,Autor 24,Santillana,2019,Matemáticas,Ejemplar de Matemáticas aplicada 21 para la categoría Matemáticas.,https://placehold.co/200x300?text=Matemáticas+aplicada+21,Alemán,17,6,"didáctico, introducción, guía"
0b21b960-a340-4d36-a08d-fccdbb69b3f1,Psicología aplicada 22,Autor 11,Alfa,1993,Psicología,Ejemplar de Psicología aplicada 22 para la categoría Psicología.,https://placehold.co/200x300?text=Psicología+aplicada+22,Francés,13,5,"investigación, didáctico, guía"
da0f127b-fa80-4534-b4ba-7b48361ff1d4,Psicología aplicada 22,Autor 11,Santillana,1991,Psicología,Ejemplar de Psicología aplicada 22 para la categoría Psicología.,https://placehold.co/200x300?text=Psicología+aplicada+22,Español,15,14,"moderno, didáctico, investigación"
fcbb6ec8-1a57-4f12-8b4c-be1bda579f30,Psicología aplicada 22,Autor 11,Planeta,1996,Psicología,Ejemplar de Psicología aplicada 22 para la categoría Psicología.,https://placehold.co/200x300?text=Psicología+aplicada+22,Inglés,7,7,"aprendizaje, teoría, introducción"
c49dfea9-f2d9-4e06-8b23-25eaf0fd2408,Psicología aplicada 22,Autor 11,Alfa,1994,Psicología,Ejemplar de Psicología aplicada 22 para la categoría Psicología.,https://placehold.co/200x300?text=Psicología+aplicada+22,Francés,14,13,"investigación, introducción, didáctico"
d67d8b72-1f10-4602-99e4-7b755b8b1e21,Psicología aplicada 22,Autor 11,Santillana,2001,Psicología,Ejemplar de Psicología aplicada 22 para la categoría Psicología.,https://placehold.co/200x300?text=Psicología+aplicada+22,Francés,10,4,"moderno, guía, aprendizaje"
0eb86453-4887-4e8a-bc59-0e3ccdb7e285,Matemáticas aplicada 23,Autor 18,Norma,1991,Matemáticas,Ejemplar de Matemáticas aplicada 23 para la categoría Matemáticas.,https://placehold.co/200x300?text=Matemáticas+aplicada+23,Español,10,4,"introducción, guía, investigación"
34bd022d-3cd5-46df-b3bc-f3682f11e3e1,Matemáticas aplicada 23,Autor 18,Santillana,2001,Matemáticas,Ejemplar de Matemáticas aplicada 23 para la categoría Matemáticas.,https://placehold.co/200x300?text=Matemáticas+aplicada+23,Inglés,6,2,"teoría, didáctico, análisis"
abe45b2a-9fcb-40c3-86d6-0e40f1a0695f,Matemáticas aplicada 23,Autor 18,Pearson,2024,Matemáticas,Ejemplar de Matemáticas aplicada 23 para la categoría Matemáticas.,https://placehold.co/200x300?text=Matemáticas+aplicada+23,Italiano,19,1,"introducción, investigación, aprendizaje"
8268221f-2382-4ffb-9102-56e20d248212,Matemáticas aplicada 23,Autor 18,Omega,2011,Matemáticas,Ejemplar de Matemáticas aplicada 23 para la categoría Matemáticas.,https://placehold.co/200x300?text=Matemáticas+aplicada+23,Español,15,4,"didáctico, moderno, aprendizaje"
d3cbb16c-2e6a-4bd8-9b4d-f5dc0c1dfb97,Matemáticas aplicada 23,Autor 18,Norma,1993,Matemáticas,Ejemplar de Matemáticas aplicada 23 para la categoría Matemáticas.,https://placehold.co/200x300?text=Matemáticas+aplicada+23,Italiano,20,5,"guía, didáctico, investigación"
9571973e-50a0-4567-b285-cbeda9fc64cd,Química aplicada 24,Autor 31,Alfa,2007,Química,Ejemplar de Química aplicada 24 para la categoría Química.,https://placehold.co/200x300?text=Química+aplicada+24,Alemán,15,12,"guía, investigación, didáctico"
f80d0e7a-e5e6-4554-a3cb-fac468dc54f4,Química aplicada 24,Autor 31,Planeta,1994,Química,Ejemplar de Química aplicada 24 para la categoría Química.,https://placehold.co/200x300?text=Química+aplicada+24,Italiano,19,13,"aprendizaje, teoría, guía"
feedbefc-8cdb-4670-bcd2-8a52827f35f9,Química aplicada 24,Autor 31,Norma,2019,Química,Ejemplar de Química aplicada 24 para la categoría Química.,https://placehold.co/200x300?text=Química+aplicada+24,Italiano,17,8,"análisis, didáctico, guía"
53574c23-a584-4b36-ac10-ec4d0170be57,Química aplicada 24,Autor 31,Pearson,2007,Química,Ejemplar de Química aplicada 24 para la categoría Química.,https://placehold.co/200x300?text=Química+aplicada+24,Italiano,18,6,"moderno, introducción, aprendizaje"
f7465dc4-82ad-4ef5-9bda-506aa0c5c57e,Idiomas aplicada 25,Autor 36,Norma,2002,Idiomas,Ejemplar de Idiomas aplicada 25 para la categoría Idiomas.,https://placehold.co/200x300?text=Idiomas+aplicada+25,Italiano,17,4,"moderno, teoría, aprendizaje"
ce8d5bd9-8e57-4177-9de3-28818b7df469,Idiomas aplicada 25,Autor 36,Pearson,2006,Idiomas,Ejemplar de Idiomas aplicada 25 para la categoría Idiomas.,https://placehold.co/200x300?text=Idiomas+aplicada+25,Italiano,17,7,"moderno, análisis, teoría"
4032c49d-6c7d-49b1-a9bb-17a601c5dc86,Idiomas aplicada 25,Autor 36,Norma,2016,Idiomas,Ejemplar de Idiomas aplicada 25 para la categoría Idiomas.,https://placehold.co/200x300?text=Idiomas+aplicada+25,Español,9,0,"teoría, introducción, guía"
f84ca20a-747c-4dc2-9ee7-9b28c0e86bcc,Idiomas aplicada 25,Autor 36,Alfa,2009,Idiomas,Ejemplar de Idiomas aplicada 25 para la categoría Idiomas.,https://placehold.co/200x300?text=Idiomas+aplicada+25,Español,10,3,"aprendizaje, teoría, investigación"
4b81f82e-7a75-4c21-922c-a5907c3e9716,Idiomas aplicada 25,Autor 36,Santillana,2009,Idiomas,Ejemplar de Idiomas aplicada 25 para la categoría Idiomas.,https://placehold.co/200x300?text=Idiomas+aplicada+25,Inglés,20,12,"análisis, guía, teoría"
011ceea7-b426-4d3d-8e0b-7f3c08aa1e99,Literatura aplicada 26,Autor 36,Santillana,2017,Literatura,Ejemplar de Literatura aplicada 26 para la categoría Literatura.,https://placehold.co/200x300?text=Literatura+aplicada+26,Español,8,5,"introducción, aprendizaje, moderno"
4ba1e7d8-85b4-4f79-89f3-7e88ce900630,Literatura aplicada 26,Autor 36,Santillana,2007,Literatura,Ejemplar de Literatura aplicada 26 para la categoría Literatura.,https://placehold.co/200x300?text=Literatura+aplicada+26,Francés,19,0,"introducción, teoría, didáctico"
9b431947-195b-4e8c-aab3-e2c202ab5841,Derecho aplicada 27,Autor 4,Omega,2020,Derecho,Ejemplar de Derecho aplicada 27 para la categoría Derecho.,https://placehold.co/200x300?text=Derecho+aplicada+27,Italiano,16,3,"aprendizaje, teoría, guía"
af983edf-ee94-4533-9b18-9b98c3c946d4,Derecho aplicada 27,Autor 4,Alfa,2017,Derecho,Ejemplar de Derecho aplicada 27 para la categoría Derecho.,https://placehold.co/200x300?text=Derecho+aplicada+27,Italiano,7,5,"introducción, teoría, aprendizaje"
e8c1cd00-d1e4-4432-a0be-561a2dc65e72,Derecho aplicada 27,Autor 4,Pearson,1994,Derecho,Ejemplar de Derecho aplicada 27 para la categoría Derecho.,https://placehold.co/200x300?text=Derecho+aplicada+27,Francés,19,2,"didáctico, análisis, introducción"
c5abd60e-83e6-41b2-84ee-c7f4a73dce52,Derecho aplicada 27,Autor 4,Omega,2021,Derecho,Ejemplar de Derecho aplicada 27 para la categoría Derecho.,https://placehold.co/200x300?text=Derecho+aplicada+27,Inglés,20,9,"aprendizaje, investigación, introducción"
b8b873c2-e035-49ec-a3fe-5cbec53b1ab5,Derecho aplicada 27,Autor 4,Alfa,2004,Derecho,Ejemplar de Derecho aplicada 27 para la categoría Derecho.,https://placehold.co/200x300?text=Derecho+aplicada+27,Inglés,14,14,"aprendizaje, didáctico, teoría"
eae8d0af-f658-44af-9ed4-54bd8250e949,Psicología aplicada 28,Autor 39,Planeta,2005,Psicología,Ejemplar de Psicología aplicada 28 para la categoría Psicología.,https://placehold.co/200x300?text=Psicología+aplicada+28,Alemán,8,5,"aprendizaje, investigación, moderno"
645659bc-539f-44c6-bda7-de5950bfd3f4,Psicología aplicada 28,Autor 39,Planeta,1993,Psicología,Ejemplar de Psicología aplicada 28 para la categoría Psicología.,https://placehold.co/200x300?text=Psicología+aplicada+28,Alemán,9,9,"análisis, introducción, guía"
4d36e0b4-2f4c-4dc1-a82e-2d36bed2471b,Psicología aplicada 28,Autor 39,Pearson,2004,Psicología,Ejemplar de Psicología aplicada 28 para la categoría Psicología.,https://placehold.co/200x300?text=Psicología+aplicada+28,Italiano,9,4,"guía, moderno, análisis"
085f83a9-7e83-4bc5-9e68-4dff1ef770b1,Psicología aplicada 28,Autor 39,McGraw-Hill,2017,Psicología,Ejemplar de Psicología aplicada 28 para la categoría Psicología.,https://placehold.co/200x300?text=Psicología+aplicada+28,Inglés,13,11,"teoría, investigación, análisis"
baff2085-8ed8-47e7-88ca-85c20dd59190,Psicología aplicada 28,Autor 39,Alfa,2020,Psicología,Ejemplar de Psicología aplicada 28 para la categoría Psicología.,https://placehold.co/200x300?text=Psicología+aplicada+28,Italiano,17,2,"investigación, análisis, moderno"
c7bc1f44-69e9-46c0-bc4a-6e213b624896,Psicología aplicada 28,Autor 39,Omega,2008,Psicología,Ejemplar de Psicología aplicada 28 para la categoría Psicología.,https://placehold.co/200x300?text=Psicología+aplicada+28,Italiano,16,6,"teoría, guía, análisis"
06c241ad-ebad-4079-9708-f3beaf1fd3a6,Literatura aplicada 29,Autor 35,Norma,2021,Literatura,Ejemplar de Literatura aplicada 29 para la categoría Literatura.,https://placehold.co/200x300?text=Literatura+aplicada+29,Italiano,19,15,"guía, moderno, teoría"
1cf9f893-0b5b-45ba-8dd1-4568cb92c370,Literatura aplicada 29,Autor 35,Alfa,2000,Literatura,Ejemplar de Literatura aplicada 29 para la categoría Literatura.,https://placehold.co/200x300?text=Literatura+aplicada+29,Español,19,4,"aprendizaje, introducción, didáctico"
3d15271d-4c01-417d-97bf-2ca8ecbc9d70,Literatura aplicada 29,Autor 35,Norma,2017,Literatura,Ejemplar de Literatura aplicada 29 para la categoría Literatura.,https://placehold.co/200x300?text=Literatura+aplicada+29,Español,13,1,"didáctico, aprendizaje, análisis"
fa8881a4-577b-4c82-857e-3eb13e51f30e,Literatura aplicada 29,Autor 35,Santillana,2022,Literatura,Ejemplar de Literatura aplicada 29 para la categoría Literatura.,https://placehold.co/200x300?text=Literatura+aplicada+29,Español,10,1,"guía, introducción, investigación"
4873c369-418c-4723-baf1-e50b5d8b8f16,Literatura aplicada 29,Autor 35,Santillana,1994,Literatura,Ejemplar de Literatura aplicada 29 para la categoría Literatura.,https://placehold.co/200x300?text=Literatura+aplicada+29,Italiano,15,7,"investigación, análisis, didáctico"
5fa8e40c-117d-4ff9-ad95-6c636eaa36a0,Literatura aplicada 29,Autor 35,Planeta,2018,Literatura,Ejemplar de Literatura aplicada 29 para la categoría Literatura.,https://placehold.co/200x300?text=Literatura+aplicada+29,Inglés,9,5,"guía, aprendizaje, análisis"
f58411bd-287e-4313-80ad-44f524f108f4,Idiomas aplicada 30,Autor 27,McGraw-Hill,2023,Idiomas,Ejemplar de Idiomas aplicada 30 para la categoría Idiomas.,https://placehold.co/200x300?text=Idiomas+aplicada+30,Italiano,5,5,"análisis, guía, didáctico"
30a8acb9-c7b7-409a-91e4-6416ad479422,Idiomas aplicada 30,Autor 27,McGraw-Hill,1991,Idiomas,Ejemplar de Idiomas aplicada 30 para la categoría Idiomas.,https://placehold.co/200x300?text=Idiomas+aplicada+30,Francés,7,5,"investigación, introducción, moderno"
8acafd9c-e5ec-455b-9533-9def5af21e53,Idiomas aplicada 30,Autor 27,Omega,2023,Idiomas,Ejemplar de Idiomas aplicada 30 para la categoría Idiomas.,https://placehold.co/200x300?text=Idiomas+aplicada+30,Francés,18,13,"didáctico, aprendizaje, moderno"
53669803-536e-456d-8912-b3b009ebc19d,Idiomas aplicada 30,Autor 27,Planeta,2024,Idiomas,Ejemplar de Idiomas aplicada 30 para la categoría Idiomas.,https://placehold.co/200x300?text=Idiomas+aplicada+30,Francés,15,2,"guía, investigación, introducción"
0da53f0d-6a0e-4078-bf27-b0dcac5993bd,Matemáticas aplicada 31,Autor 27,Santillana,2021,Matemáticas,Ejemplar de Matemáticas aplicada 31 para la categoría Matemáticas.,https://placehold.co/200x300?text=Matemáticas+aplicada+31,Francés,12,4,"análisis, introducción, investigación"
3e40ba66-f74a-453a-8fe5-f2595e46a2d7,Matemáticas aplicada 31,Autor 27,Norma,2005,Matemáticas,Ejemplar de Matemáticas aplicada 31 para la categoría Matemáticas.,https://placehold.co/200x300?text=Matemáticas+aplicada+31,Italiano,7,3,"guía, teoría, investigación"
b3bbf2bc-420f-4e04-b87f-e61ca5a946df,Matemáticas aplicada 31,Autor 27,McGraw-Hill,1995,Matemáticas,Ejemplar de Matemáticas aplicada 31 para la categoría Matemáticas.,https://placehold.co/200x300?text=Matemáticas+aplicada+31,Español,11,9,"introducción, moderno, guía"
6f84085d-fd1d-46db-9ec1-e9811d3cceab,Arte aplicada 32,Autor 38,Planeta,1998,Arte,Ejemplar de Arte aplicada 32 para la categoría Arte.,https://placehold.co/200x300?text=Arte+aplicada+32,Español,16,12,"introducción, aprendizaje, análisis"
9234fe8e-7847-4c2d-9b12-3836cc897d25,Arte aplicada 32,Autor 38,Planeta,2020,Arte,Ejemplar de Arte aplicada 32 para la categoría Arte.,https://placehold.co/200x300?text=Arte+aplicada+32,Francés,13,2,"didáctico, moderno, teoría"
3eaff9ef-ae17-4887-b209-5474b49fa61e,Arte aplicada 32,Autor 38,Omega,2002,Arte,Ejemplar de Arte aplicada 32 para la categoría Arte.,https://placehold.co/200x300?text=Arte+aplicada+32,Inglés,10,0,"investigación, moderno, aprendizaje"
aa56a650-e280-422c-a1dd-a4631d264e38,Arte aplicada 32,Autor 38,Pearson,2020,Arte,Ejemplar de Arte aplicada 32 para la categoría Arte.,https://placehold.co/200x300?text=Arte+aplicada+32,Alemán,19,11,"moderno, análisis, aprendizaje"
57710e0d-5af3-4e7e-9a17-e06d7fdf905a,Arte aplicada 32,Autor 38,Norma,1994,Arte,Ejemplar de Arte aplicada 32 para la categoría Arte.,https://placehold.co/200x300?text=Arte+aplicada+32,Español,17,6,"investigación, guía, introducción"
1805f884-3523-4750-8c68-1b9da650cc47,Filosofía aplicada 33,Autor 46,Planeta,2023,Filosofía,Ejemplar de Filosofía aplicada 33 para la categoría Filosofía.,https://placehold.co/200x300?text=Filosofía+aplicada+33,Inglés,8,0,"análisis, guía, introducción"
24134e8e-148f-4269-8df0-a81ed916756f,Filosofía aplicada 33,Autor 46,Alfa,2017,Filosofía,Ejemplar de Filosofía aplicada 33 para la categoría Filosofía.,https://placehold.co/200x300?text=Filosofía+aplicada+33,Francés,20,17,"guía, introducción, análisis"
0750d761-73e0-4c43-bcc3-0d2d200a96ad,Filosofía aplicada 33,Autor 46,Santillana,2012,Filosofía,Ejemplar de Filosofía aplicada 33 para la categoría Filosofía.,https://placehold.co/200x300?text=Filosofía+aplicada+33,Inglés,6,1,"investigación, análisis, introducción"
0f2e412d-bdbe-4b73-8e84-efcf40314e1a,Matemáticas aplicada 34,Autor 43,McGraw-Hill,2024,Matemáticas,Ejemplar de Matemáticas aplicada 34 para la categoría Matemáticas.,https://placehold.co/200x300?text=Matemáticas+aplicada+34,Español,7,4,"introducción, didáctico, investigación"
65b9b4ce-4118-433e-a06c-998e901176ad,Matemáticas aplicada 34,Autor 43,Santillana,2019,Matemáticas,Ejemplar de Matemáticas aplicada 34 para la categoría Matemáticas.,https://placehold.co/200x300?text=Matemáticas+aplicada+34,Inglés,9,0,"introducción, aprendizaje, investigación"
13083859-9807-49d4-87d6-3c92dcbf8540,Matemáticas aplicada 34,Autor 43,Pearson,1993,Matemáticas,Ejemplar de Matemáticas aplicada 34 para la categoría Matemáticas.,https://placehold.co/200x300?text=Matemáticas+aplicada+34,Español,6,1,"guía, análisis, introducción"
c5a75276-2a6a-4974-bbcd-55699712808d,Literatura aplicada 35,Autor 7,Planeta,2024,Literatura,Ejemplar de Literatura aplicada 35 para la categoría Literatura.,https://placehold.co/200x300?text=Literatura+aplicada+35,Italiano,5,5,"moderno, introducción, teoría"
d1b2c185-9156-44f3-a25f-07c5f804b731,Literatura aplicada 35,Autor 7,Omega,1999,Literatura,Ejemplar de Literatura aplicada 35 para la categoría Literatura.,https://placehold.co/200x300?text=Literatura+aplicada+35,Español,9,0,"guía, investigación, aprendizaje"
e3a3d381-aa0c-43bc-8968-192ee6eb23a1,Literatura aplicada 35,Autor 7,Santillana,2005,Literatura,Ejemplar de Literatura aplicada 35 para la categoría Literatura.,https://placehold.co/200x300?text=Literatura+aplicada+35,Francés,17,1,"moderno, teoría, guía"
764038cb-b74a-4e93-b68a-4d022e353e43,Literatura aplicada 35,Autor 7,Santillana,2021,Literatura,Ejemplar de Literatura aplicada 35 para la categoría Literatura.,https://placehold.co/200x300?text=Literatura+aplicada+35,Español,5,0,"didáctico, teoría, investigación"
1fa89101-78d5-46cf-bede-f9f5f0188682,Literatura aplicada 35,Autor 7,Santillana,2018,Literatura,Ejemplar de Literatura aplicada 35 para la categoría Literatura.,https://placehold.co/200x300?text=Literatura+aplicada+35,Italiano,13,0,"moderno, introducción, investigación"
0547e047-7eee-4c54-b211-7a3161b0a200,Educación aplicada 36,Autor 45,Pearson,2000,Educación,Ejemplar de Educación aplicada 36 para la categoría Educación.,https://placehold.co/200x300?text=Educación+aplicada+36,Inglés,11,11,"guía, didáctico, introducción"
d485564b-1ae9-4db5-a4ea-10d76f230295,Educación aplicada 36,Autor 45,Norma,2005,Educación,Ejemplar de Educación aplicada 36 para la categoría Educación.,https://placehold.co/200x300?text=Educación+aplicada+36,Francés,5,0,"teoría, análisis, didáctico"
52369668-0ce2-4ac2-a2e4-6423e04600fe,Educación aplicada 36,Autor 45,Omega,2012,Educación,Ejemplar de Educación aplicada 36 para la categoría Educación.,https://placehold.co/200x300?text=Educación+aplicada+36,Italiano,18,12,"introducción, aprendizaje, didáctico"
9bade0ba-e063-48e5-b3a5-1a0b33dcc4d8,Geografía aplicada 37,Autor 17,Omega,1996,Geografía,Ejemplar de Geografía aplicada 37 para la categoría Geografía.,https://placehold.co/200x300?text=Geografía+aplicada+37,Alemán,17,5,"introducción, teoría, aprendizaje"
a022fb62-c95e-404f-8a95-ad73148f644c,Geografía aplicada 37,Autor 17,McGraw-Hill,2002,Geografía,Ejemplar de Geografía aplicada 37 para la categoría Geografía.,https://placehold.co/200x300?text=Geografía+aplicada+37,Inglés,9,6,"guía, teoría, aprendizaje"
7a1003e0-a5e7-4f83-b369-671316842521,Geografía aplicada 37,Autor 17,Norma,1999,Geografía,Ejemplar de Geografía aplicada 37 para la categoría Geografía.,https://placehold.co/200x300?text=Geografía+aplicada+37,Italiano,5,0,"moderno, aprendizaje, análisis"
94dcbf87-5440-4fbe-b6c5-bbecbc24761b,Geografía aplicada 37,Autor 17,McGraw-Hill,2002,Geografía,Ejemplar de Geografía aplicada 37 para la categoría Geografía.,https://placehold.co/200x300?text=Geografía+aplicada+37,Alemán,11,5,"moderno, teoría, aprendizaje"
aed3e130-6f8b-453d-8817-37715d18cfaf,Geografía aplicada 37,Autor 17,Santillana,2010,Geografía,Ejemplar de Geografía aplicada 37 para la categoría Geografía.,https://placehold.co/200x300?text=Geografía+aplicada+37,Inglés,18,11,"teoría, investigación, moderno"
a721a9e2-311e-41b1-8a03-34a02a975d55,Matemáticas aplicada 38,Autor 36,Omega,1995,Matemáticas,Ejemplar de Matemáticas aplicada 38 para la categoría Matemáticas.,https://placehold.co/200x300?text=Matemáticas+aplicada+38,Francés,5,0,"moderno, didáctico, análisis"
865ef0da-4231-4706-bd90-0e84933dbc8f,Matemáticas aplicada 38,Autor 36,Planeta,1990,Matemáticas,Ejemplar de Matemáticas aplicada 38 para la categoría Matemáticas.,https://placehold.co/200x300?text=Matemáticas+aplicada+38,Alemán,13,8,"teoría, moderno, análisis"
1249f954-4eae-4ca1-9d5f-301ab5384e9e,Física aplicada 39,Autor 48,Omega,2002,Física,Ejemplar de Física aplicada 39 para la categoría Física.,https://placehold.co/200x300?text=Física+aplicada+39,Alemán,7,4,"aprendizaje, análisis, investigación"
9c0e2185-706d-4f59-ae06-5b70fd84dcf3,Física aplicada 39,Autor 48,McGraw-Hill,2021,Física,Ejemplar de Física aplicada 39 para la categoría Física.,https://placehold.co/200x300?text=Física+aplicada+39,Inglés,19,9,"aprendizaje, didáctico, introducción"
6cbff9f6-57d4-448a-9263-4feb6ba7b8ee,Física aplicada 39,Autor 48,Omega,2021,Física,Ejemplar de Física aplicada 39 para la categoría Física.,https://placehold.co/200x300?text=Física+aplicada+39,Inglés,12,6,"análisis, guía, introducción"
202215eb-90f8-4bea-88a1-cd638a3bfb3e,Física aplicada 39,Autor 48,Omega,2009,Física,Ejemplar de Física aplicada 39 para la categoría Física.,https://placehold.co/200x300?text=Física+aplicada+39,Francés,11,7,"investigación, didáctico, guía"
95c08a67-2e06-43b3-9499-2d80e45c571b,Física aplicada 39,Autor 48,Alfa,2001,Física,Ejemplar de Física aplicada 39 para la categoría Física.,https://placehold.co/200x300?text=Física+aplicada+39,Francés,20,15,"moderno, aprendizaje, teoría"
967f3a85-7363-4d56-8c9d-b8b652b897fb,Física aplicada 39,Autor 48,McGraw-Hill,2017,Física,Ejemplar de Física aplicada 39 para la categoría Física.,https://placehold.co/200x300?text=Física+aplicada+39,Francés,17,0,"análisis, guía, aprendizaje"
a6345e3c-e9fd-452f-9e98-a1dee3e0a03a,Derecho aplicada 40,Autor 10,Alfa,1993,Derecho,Ejemplar de Derecho aplicada 40 para la categoría Derecho.,https://placehold.co/200x300?text=Derecho+aplicada+40,Francés,7,2,"didáctico, moderno, introducción"
109c517b-79c9-4f05-b14d-2fe36596bccf,Derecho aplicada 40,Autor 10,Santillana,2020,Derecho,Ejemplar de Derecho aplicada 40 para la categoría Derecho.,https://placehold.co/200x300?text=Derecho+aplicada+40,Alemán,10,5,"aprendizaje, introducción, guía"
0c18cc81-d94f-4073-8eff-b59d4a43cfcf,Idiomas aplicada 41,Autor 40,Omega,1992,Idiomas,Ejemplar de Idiomas aplicada 41 para la categoría Idiomas.,https://placehold.co/200x300?text=Idiomas+aplicada+41,Italiano,20,13,"aprendizaje, investigación, didáctico"
d9bbe7d9-d07a-4012-a483-e78bf5f5a919,Idiomas aplicada 41,Autor 40,Santillana,2022,Idiomas,Ejemplar de Idiomas aplicada 41 para la categoría Idiomas.,https://placehold.co/200x300?text=Idiomas+aplicada+41,Inglés,19,11,"análisis, investigación, moderno"
e10fd014-7315-42a4-8268-9a9c55f85ed2,Idiomas aplicada 41,Autor 40,McGraw-Hill,2002,Idiomas,Ejemplar de Idiomas aplicada 41 para la categoría Idiomas.,https://placehold.co/200x300?text=Idiomas+aplicada+41,Francés,7,2,"introducción, didáctico, moderno"
2e596955-b464-4b32-a6d9-6f0af3ca3ca9,Idiomas aplicada 41,Autor 40,Norma,2015,Idiomas,Ejemplar de Idiomas aplicada 41 para la categoría Idiomas.,https://placehold.co/200x300?text=Idiomas+aplicada+41,Italiano,10,7,"investigación, guía, aprendizaje"
879a516d-775b-418f-b309-615477712543,Idiomas aplicada 41,Autor 40,Planeta,2023,Idiomas,Ejemplar de Idiomas aplicada 41 para la categoría Idiomas.,https://placehold.co/200x300?text=Idiomas+aplicada+41,Francés,17,9,"investigación, moderno, análisis"
b1141b73-4b9e-43bf-abe7-efcf47cd6dd3,Economía aplicada 42,Autor 24,McGraw-Hill,1994,Economía,Ejemplar de Economía aplicada 42 para la categoría Economía.,https://placehold.co/200x300?text=Economía+aplicada+42,Francés,9,7,"guía, introducción, teoría"
fe7c6584-29f1-41e9-ab37-7725004df913,Economía aplicada 42,Autor 24,Planeta,2011,Economía,Ejemplar de Economía aplicada 42 para la categoría Economía.,https://placehold.co/200x300?text=Economía+aplicada+42,Alemán,15,7,"análisis, introducción, guía"
022ed4e2-73ec-45fd-a131-682a43534cc0,Economía aplicada 42,Autor 24,McGraw-Hill,2011,Economía,Ejemplar de Economía aplicada 42 para la categoría Economía.,https://placehold.co/200x300?text=Economía+aplicada+42,Español,19,12,"guía, introducción, análisis"
622e7173-e294-4d99-96a3-03062fc169a8,Economía aplicada 42,Autor 24,Alfa,2004,Economía,Ejemplar de Economía aplicada 42 para la categoría Economía.,https://placehold.co/200x300?text=Economía+aplicada+42,Alemán,20,4,"teoría, investigación, aprendizaje"
31606f4f-b55e-4d33-8d63-5d08d568e00a,Economía aplicada 42,Autor 24,Planeta,2012,Economía,Ejemplar de Economía aplicada 42 para la categoría Economía.,https://placehold.co/200x300?text=Economía+aplicada+42,Francés,7,2,"introducción, guía, aprendizaje"
1ec4fb5e-c651-416d-aaf4-9bc4e3c59e39,Educación aplicada 43,Autor 26,Norma,1994,Educación,Ejemplar de Educación aplicada 43 para la categoría Educación.,https://placehold.co/200x300?text=Educación+aplicada+43,Alemán,9,8,"investigación, aprendizaje, introducción"
3fa6601b-dfd5-4908-8d6d-1f5477c3d380,Educación aplicada 43,Autor 26,McGraw-Hill,1998,Educación,Ejemplar de Educación aplicada 43 para la categoría Educación.,https://placehold.co/200x300?text=Educación+aplicada+43,Inglés,10,5,"teoría, aprendizaje, análisis"
a60d8137-400f-448c-8160-edf37b90b888,Educación aplicada 43,Autor 26,Pearson,1990,Educación,Ejemplar de Educación aplicada 43 para la categoría Educación.,https://placehold.co/200x300?text=Educación+aplicada+43,Inglés,19,10,"investigación, moderno, introducción"
297a72fc-9450-4204-b9ea-0cf526cd0e99,Educación aplicada 43,Autor 26,Planeta,2024,Educación,Ejemplar de Educación aplicada 43 para la categoría Educación.,https://placehold.co/200x300?text=Educación+aplicada+43,Español,16,7,"teoría, investigación, aprendizaje"
211db2e9-5ac1-4d88-a1d2-ef812dce965c,Derecho aplicada 44,Autor 41,Alfa,2001,Derecho,Ejemplar de Derecho aplicada 44 para la categoría Derecho.,https://placehold.co/200x300?text=Derecho+aplicada+44,Inglés,17,13,"investigación, teoría, guía"
474a51a7-e4f8-493a-91cc-ffe065f98271,Derecho aplicada 44,Autor 41,Pearson,2011,Derecho,Ejemplar de Derecho aplicada 44 para la categoría Derecho.,https://placehold.co/200x300?text=Derecho+aplicada+44,Español,15,8,"aprendizaje, teoría, didáctico"
581c998a-766c-4f7b-a318-68cc3f6e19d2,Derecho aplicada 44,Autor 41,Planeta,2003,Derecho,Ejemplar de Derecho aplicada 44 para la categoría Derecho.,https://placehold.co/200x300?text=Derecho+aplicada+44,Alemán,12,5,"aprendizaje, teoría, introducción"
28ee651b-feb0-42bc-b184-b9bd2f1bcb79,Derecho aplicada 44,Autor 41,Alfa,1997,Derecho,Ejemplar de Derecho aplicada 44 para la categoría Derecho.,https://placehold.co/200x300?text=Derecho+aplicada+44,Español,9,5,"aprendizaje, didáctico, análisis"
f53b6503-80cb-4675-95ff-e90c5683d6f3,Geografía aplicada 45,Autor 21,Santillana,1997,Geografía,Ejemplar de Geografía aplicada 45 para la categoría Geografía.,https://placehold.co/200x300?text=Geografía+aplicada+45,Francés,19,12,"aprendizaje, investigación, guía"
467da97e-a0ad-42ad-9d61-2e5516fc6643,Geografía aplicada 45,Autor 21,Norma,2006,Geografía,Ejemplar de Geografía aplicada 45 para la categoría Geografía.,https://placehold.co/200x300?text=Geografía+aplicada+45,Inglés,8,2,"moderno, introducción, guía"
c80f6242-d98d-4f6c-bc4f-3a06c54654bc,Geografía aplicada 45,Autor 21,McGraw-Hill,2019,Geografía,Ejemplar de Geografía aplicada 45 para la categoría Geografía.,https://placehold.co/200x300?text=Geografía+aplicada+45,Italiano,14,11,"aprendizaje, moderno, guía"
6f07e3de-fe87-4bfc-9ca9-450cc5e745d6,Geografía aplicada 45,Autor 21,Pearson,2012,Geografía,Ejemplar de Geografía aplicada 45 para la categoría Geografía.,https://placehold.co/200x300?text=Geografía+aplicada+45,Inglés,16,15,"análisis, investigación, moderno"
198cfefc-d8c8-4e50-be60-538e445858ce,Geografía aplicada 46,Autor 5,Omega,2004,Geografía,Ejemplar de Geografía aplicada 46 para la categoría Geografía.,https://placehold.co/200x300?text=Geografía+aplicada+46,Inglés,5,2,"introducción, análisis, guía"
f821b4c9-a775-4bd9-aa84-98f0a5476598,Geografía aplicada 46,Autor 5,McGraw-Hill,1990,Geografía,Ejemplar de Geografía aplicada 46 para la categoría Geografía.,https://placehold.co/200x300?text=Geografía+aplicada+46,Francés,10,5,"guía, análisis, didáctico"
5def7aa4-d843-4dbf-ad1d-cc133b3a019b,Geografía aplicada 46,Autor 5,Planeta,2010,Geografía,Ejemplar de Geografía aplicada 46 para la categoría Geografía.,https://placehold.co/200x300?text=Geografía+aplicada+46,Alemán,9,1,"introducción, investigación, didáctico"
c7bccc36-f8be-4cb2-906f-3852174d5f76,Geografía aplicada 46,Autor 5,Pearson,2021,Geografía,Ejemplar de Geografía aplicada 46 para la categoría Geografía.,https://placehold.co/200x300?text=Geografía+aplicada+46,Inglés,19,3,"teoría, investigación, moderno"
44e12493-4b74-44be-9cb8-a4582864b266,Química aplicada 47,Autor 49,Pearson,1992,Química,Ejemplar de Química aplicada 47 para la categoría Química.,https://placehold.co/200x300?text=Química+aplicada+47,Francés,5,0,"didáctico, investigación, aprendizaje"
6981cce8-9199-4682-9053-57831843a9d5,Química aplicada 47,Autor 49,Alfa,2002,Química,Ejemplar de Química aplicada 47 para la categoría Química.,https://placehold.co/200x300?text=Química+aplicada+47,Español,20,4,"guía, moderno, introducción"
06bc2c80-88cc-4f93-9486-23ed87c20a71,Literatura aplicada 48,Autor 8,Alfa,1990,Literatura,Ejemplar de Literatura aplicada 48 para la categoría Literatura.,https://placehold.co/200x300?text=Literatura+aplicada+48,Alemán,8,0,"moderno, didáctico, introducción"
b2bc7e6c-a616-456c-af54-33f3b40dd6de,Literatura aplicada 48,Autor 8,Pearson,1991,Literatura,Ejemplar de Literatura aplicada 48 para la categoría Literatura.,https://placehold.co/200x300?text=Literatura+aplicada+48,Alemán,16,2,"didáctico, análisis, moderno"
00a7500e-a359-4b2f-a83d-fe1d75a1cbaf,Literatura aplicada 48,Autor 8,Omega,1991,Literatura,Ejemplar de Literatura aplicada 48 para la categoría Literatura.,https://placehold.co/200x300?text=Literatura+aplicada+48,Italiano,6,1,"moderno, aprendizaje, análisis"
91c98361-e513-4980-b1f5-8a1b35558645,Literatura aplicada 48,Autor 8,McGraw-Hill,2024,Literatura,Ejemplar de Literatura aplicada 48 para la categoría Literatura.,https://placehold.co/200x300?text=Literatura+aplicada+48,Italiano,20,6,"moderno, introducción, investigación"
18ac5594-b4ef-4421-996c-a32cc8d755fa,Literatura aplicada 48,Autor 8,Santillana,2014,Literatura,Ejemplar de Literatura aplicada 48 para la categoría Literatura.,https://placehold.co/200x300?text=Literatura+aplicada+48,Alemán,19,18,"aprendizaje, introducción, guía"
a02c4ce0-2706-4b35-9049-6848f5c58924,Literatura aplicada 48,Autor 8,Alfa,2000,Literatura,Ejemplar de Literatura aplicada 48 para la categoría Literatura.,https://placehold.co/200x300?text=Literatura+aplicada+48,Inglés,14,0,"introducción, moderno, teoría"
76273f7a-316d-498a-99eb-a3e08b9f36f1,Historia aplicada 49,Autor 27,Norma,1991,Historia,Ejemplar de Historia aplicada 49 para la categoría Historia.,https://placehold.co/200x300?text=Historia+aplicada+49,Inglés,6,4,"guía, didáctico, análisis"
5c3a7b3b-203f-4e78-8b2d-f7fff18d3928,Historia aplicada 49,Autor 27,Alfa,2006,Historia,Ejemplar de Historia aplicada 49 para la categoría Historia.,https://placehold.co/200x300?text=Historia+aplicada+49,Español,12,11,"análisis, teoría, investigación"
07f54bff-70dc-46d6-9fe7-4f0c2e7e7eb9,Historia aplicada 49,Autor 27,Planeta,2010,Historia,Ejemplar de Historia aplicada 49 para la categoría Historia.,https://placehold.co/200x300?text=Historia+aplicada+49,Alemán,9,1,"introducción, moderno, didáctico"
c509e2c2-bd5c-45d0-8821-229a774c90f5,Historia aplicada 49,Autor 27,Norma,2016,Historia,Ejemplar de Historia aplicada 49 para la categoría Historia.,https://placehold.co/200x300?text=Historia+aplicada+49,Alemán,6,2,"teoría, guía, investigación"
106970b0-d6c5-49e8-bc30-276bd51585b8,Historia aplicada 49,Autor 27,Santillana,2006,Historia,Ejemplar de Historia aplicada 49 para la categoría Historia.,https://placehold.co/200x300?text=Historia+aplicada+49,Inglés,20,8,"introducción, moderno, teoría"
abd984e2-253a-4be7-a2b6-dce89923c333,Economía aplicada 50,Autor 49,Omega,2023,Economía,Ejemplar de Economía aplicada 50 para la categoría Economía.,https://placehold.co/200x300?text=Economía+aplicada+50,Inglés,20,9,"aprendizaje, didáctico, moderno"
12f90c29-cf2b-48dd-8e43-bba7bb0eef1b,Economía aplicada 50,Autor 49,Norma,2013,Economía,Ejemplar de Economía aplicada 50 para la categoría Economía.,https://placehold.co/200x300?text=Economía+aplicada+50,Español,9,2,"didáctico, moderno, teoría"
37d102ae-276f-4621-b6d0-cd3a1261ff28,Psicología aplicada 51,Autor 32,Omega,2023,Psicología,Ejemplar de Psicología aplicada 51 para la categoría Psicología.,https://placehold.co/200x300?text=Psicología+aplicada+51,Italiano,17,3,"introducción, análisis, moderno"
8e5d0c90-4323-47ac-869d-e9a313a6196a,Psicología aplicada 51,Autor 32,Planeta,2009,Psicología,Ejemplar de Psicología aplicada 51 para la categoría Psicología.,https://placehold.co/200x300?text=Psicología+aplicada+51,Español,16,11,"didáctico, teoría, introducción"
28fd3c5c-8cc5-47ac-8a5f-172333564975,Psicología aplicada 51,Autor 32,Alfa,2000,Psicología,Ejemplar de Psicología aplicada 51 para la categoría Psicología.,https://placehold.co/200x300?text=Psicología+aplicada+51,Francés,12,1,"análisis, moderno, didáctico"
b22711cc-dd2e-44aa-a8fd-b17825d0853c,Psicología aplicada 51,Autor 32,Norma,1995,Psicología,Ejemplar de Psicología aplicada 51 para la categoría Psicología.,https://placehold.co/200x300?text=Psicología+aplicada+51,Inglés,6,4,"guía, didáctico, teoría"
6ac1bb9d-cd9e-4f7c-bb3e-f8402332444a,Psicología aplicada 51,Autor 32,Norma,2013,Psicología,Ejemplar de Psicología aplicada 51 para la categoría Psicología.,https://placehold.co/200x300?text=Psicología+aplicada+51,Inglés,16,2,"moderno, guía, introducción"
7f22be6b-718a-41e5-a912-19e3e0fbe6cf,Economía aplicada 52,Autor 3,Alfa,2010,Economía,Ejemplar de Economía aplicada 52 para la categoría Economía.,https://placehold.co/200x300?text=Economía+aplicada+52,Italiano,5,4,"moderno, didáctico, aprendizaje"
b8d31f1d-4349-4795-8289-d781338cde6f,Economía aplicada 52,Autor 3,Pearson,2024,Economía,Ejemplar de Economía aplicada 52 para la categoría Economía.,https://placehold.co/200x300?text=Economía+aplicada+52,Francés,19,10,"moderno, guía, didáctico"
2ff5aed2-1ebf-40b2-9851-eff048741ce9,Economía aplicada 52,Autor 3,Pearson,2009,Economía,Ejemplar de Economía aplicada 52 para la categoría Economía.,https://placehold.co/200x300?text=Economía+aplicada+52,Inglés,16,13,"introducción, aprendizaje, guía"
a5edaadd-99a3-4472-8052-64c6debc08c8,Psicología aplicada 53,Autor 21,Alfa,2016,Psicología,Ejemplar de Psicología aplicada 53 para la categoría Psicología.,https://placehold.co/200x300?text=Psicología+aplicada+53,Francés,20,9,"didáctico, teoría, guía"
642a9226-0802-4531-b654-21b33da7ef94,Psicología aplicada 53,Autor 21,Planeta,2012,Psicología,Ejemplar de Psicología aplicada 53 para la categoría Psicología.,https://placehold.co/200x300?text=Psicología+aplicada+53,Inglés,7,0,"introducción, guía, teoría"
3375e6d6-0e9e-43e4-8f41-73c552155a1a,Psicología aplicada 53,Autor 21,Santillana,2019,Psicología,Ejemplar de Psicología aplicada 53 para la categoría Psicología.,https://placehold.co/200x300?text=Psicología+aplicada+53,Italiano,11,10,"teoría, análisis, investigación"
f9771540-978f-4bd0-9c89-75f4aa6543c4,Derecho aplicada 54,Autor 26,McGraw-Hill,2022,Derecho,Ejemplar de Derecho aplicada 54 para la categoría Derecho.,https://placehold.co/200x300?text=Derecho+aplicada+54,Italiano,20,18,"teoría, introducción, guía"
10f062b9-9825-40ea-9e8c-98c3fb778935,Derecho aplicada 54,Autor 26,McGraw-Hill,2015,Derecho,Ejemplar de Derecho aplicada 54 para la categoría Derecho.,https://placehold.co/200x300?text=Derecho+aplicada+54,Francés,19,15,"introducción, teoría, moderno"
3004dbb4-55e3-4805-b8a6-a905b3684bac,Matemáticas aplicada 55,Autor 48,Norma,1996,Matemáticas,Ejemplar de Matemáticas aplicada 55 para la categoría Matemáticas.,https://placehold.co/200x300?text=Matemáticas+aplicada+55,Alemán,17,1,"investigación, moderno, análisis"
01819a48-2142-428d-832a-d0f2e855723a,Matemáticas aplicada 55,Autor 48,Alfa,1994,Matemáticas,Ejemplar de Matemáticas aplicada 55 para la categoría Matemáticas.,https://placehold.co/200x300?text=Matemáticas+aplicada+55,Francés,12,6,"moderno, didáctico, análisis"
152ecf02-22f1-43b6-81ff-73443534792a,Matemáticas aplicada 55,Autor 48,Santillana,1992,Matemáticas,Ejemplar de Matemáticas aplicada 55 para la categoría Matemáticas.,https://placehold.co/200x300?text=Matemáticas+aplicada+55,Español,16,10,"moderno, introducción, teoría"
fa6e2460-8e1d-4022-91a1-2bae53f8c19b,Economía aplicada 56,Autor 27,McGraw-Hill,1997,Economía,Ejemplar de Economía aplicada 56 para la categoría Economía.,https://placehold.co/200x300?text=Economía+aplicada+56,Francés,12,3,"investigación, teoría, moderno"
69d4c0e5-01b8-43aa-8d8d-213996552d63,Economía aplicada 56,Autor 27,Pearson,2004,Economía,Ejemplar de Economía aplicada 56 para la categoría Economía.,https://placehold.co/200x300?text=Economía+aplicada+56,Francés,11,11,"guía, teoría, investigación"
dcef7015-35e9-499d-9608-cadf7d535115,Economía aplicada 56,Autor 27,Santillana,1991,Economía,Ejemplar de Economía aplicada 56 para la categoría Economía.,https://placehold.co/200x300?text=Economía+aplicada+56,Inglés,13,12,"introducción, didáctico, guía"
2517875c-b123-4c20-b56c-eceb5850b723,Economía aplicada 56,Autor 27,Pearson,2020,Economía,Ejemplar de Economía aplicada 56 para la categoría Economía.,https://placehold.co/200x300?text=Economía+aplicada+56,Español,10,8,"didáctico, investigación, introducción"
adbad817-6deb-4b05-80dc-5eb9925d6055,Economía aplicada 56,Autor 27,Alfa,2016,Economía,Ejemplar de Economía aplicada 56 para la categoría Economía.,https://placehold.co/200x300?text=Economía+aplicada+56,Español,7,3,"introducción, didáctico, aprendizaje"
51ea065a-b874-4f80-afaf-e7b625123fba,Economía aplicada 56,Autor 27,Norma,1995,Economía,Ejemplar de Economía aplicada 56 para la categoría Economía.,https://placehold.co/200x300?text=Economía+aplicada+56,Inglés,11,10,"aprendizaje, moderno, introducción"
8a28dfff-4b48-4560-a79d-cf72d4b9a94a,Matemáticas aplicada 57,Autor 19,Alfa,2017,Matemáticas,Ejemplar de Matemáticas aplicada 57 para la categoría Matemáticas.,https://placehold.co/200x300?text=Matemáticas+aplicada+57,Alemán,8,7,"guía, aprendizaje, introducción"
99245b5e-79c1-490b-a0c8-fe55867fd931,Matemáticas aplicada 57,Autor 19,McGraw-Hill,1993,Matemáticas,Ejemplar de Matemáticas aplicada 57 para la categoría Matemáticas.,https://placehold.co/200x300?text=Matemáticas+aplicada+57,Español,19,18,"aprendizaje, moderno, análisis"
cee560bd-2881-4b52-a10a-ad7e705c9059,Matemáticas aplicada 57,Autor 19,Omega,2000,Matemáticas,Ejemplar de Matemáticas aplicada 57 para la categoría Matemáticas.,https://placehold.co/200x300?text=Matemáticas+aplicada+57,Francés,15,2,"investigación, moderno, análisis"
81ca5784-7d54-4cd3-b48a-bf0f7630f498,Matemáticas aplicada 57,Autor 19,Omega,2019,Matemáticas,Ejemplar de Matemáticas aplicada 57 para la categoría Matemáticas.,https://placehold.co/200x300?text=Matemáticas+aplicada+57,Italiano,5,2,"análisis, introducción, aprendizaje"
9c0bf719-7e38-41fa-8ab9-3a07ce7023f0,Matemáticas aplicada 57,Autor 19,Norma,2000,Matemáticas,Ejemplar de Matemáticas aplicada 57 para la categoría Matemáticas.,https://placehold.co/200x300?text=Matemáticas+aplicada+57,Francés,10,2,"investigación, moderno, aprendizaje"
d2a9579c-18a6-42cb-8318-f4f1f804d31f,Matemáticas aplicada 57,Autor 19,Planeta,2022,Matemáticas,Ejemplar de Matemáticas aplicada 57 para la categoría Matemáticas.,https://placehold.co/200x300?text=Matemáticas+aplicada+57,Inglés,19,19,"introducción, análisis, guía"
f3829260-755d-413f-b54c-c5d0e675b0e9,Matemáticas aplicada 58,Autor 16,Planeta,2008,Matemáticas,Ejemplar de Matemáticas aplicada 58 para la categoría Matemáticas.,https://placehold.co/200x300?text=Matemáticas+aplicada+58,Italiano,8,5,"moderno, guía, análisis"
f99842c7-4ca4-47cc-8f9e-9ac3a3231786,Matemáticas aplicada 58,Autor 16,Omega,1990,Matemáticas,Ejemplar de Matemáticas aplicada 58 para la categoría Matemáticas.,https://placehold.co/200x300?text=Matemáticas+aplicada+58,Alemán,5,0,"didáctico, moderno, aprendizaje"
3e9d836d-c6e8-4dd0-bb8b-4dd5a42827e6,Matemáticas aplicada 58,Autor 16,Pearson,1994,Matemáticas,Ejemplar de Matemáticas aplicada 58 para la categoría Matemáticas.,https://placehold.co/200x300?text=Matemáticas+aplicada+58,Español,7,2,"teoría, moderno, análisis"
9a37b72c-cc15-4777-9458-80ededa57411,Matemáticas aplicada 58,Autor 16,McGraw-Hill,2021,Matemáticas,Ejemplar de Matemáticas aplicada 58 para la categoría Matemáticas.,https://placehold.co/200x300?text=Matemáticas+aplicada+58,Inglés,7,5,"investigación, aprendizaje, moderno"
74893729-3294-45a5-a169-4934525b7c70,Literatura aplicada 59,Autor 7,McGraw-Hill,2006,Literatura,Ejemplar de Literatura aplicada 59 para la categoría Literatura.,https://placehold.co/200x300?text=Literatura+aplicada+59,Inglés,8,6,"didáctico, análisis, moderno"
ba57387e-e389-406d-8f9f-ae3f3ec235c4,Literatura aplicada 59,Autor 7,Planeta,1995,Literatura,Ejemplar de Literatura aplicada 59 para la categoría Literatura.,https://placehold.co/200x300?text=Literatura+aplicada+59,Italiano,20,0,"moderno, guía, aprendizaje"
8225ee0f-e777-4504-b15d-16b1792a57ce,Literatura aplicada 59,Autor 7,Pearson,2019,Literatura,Ejemplar de Literatura aplicada 59 para la categoría Literatura.,https://placehold.co/200x300?text=Literatura+aplicada+59,Francés,8,8,"moderno, investigación, aprendizaje"
600a482e-c026-4fe9-8c21-7dc4da204a2f,Psicología aplicada 60,Autor 45,Alfa,2015,Psicología,Ejemplar de Psicología aplicada 60 para la categoría Psicología.,https://placehold.co/200x300?text=Psicología+aplicada+60,Francés,5,3,"introducción, moderno, didáctico"
cf2976b9-4310-43f2-9d5a-834a9ac6389f,Psicología aplicada 60,Autor 45,Planeta,2010,Psicología,Ejemplar de Psicología aplicada 60 para la categoría Psicología.,https://placehold.co/200x300?text=Psicología+aplicada+60,Alemán,9,0,"introducción, didáctico, aprendizaje"
58bbc843-4327-44ee-abaa-df9c1cf28322,Psicología aplicada 60,Autor 45,McGraw-Hill,1996,Psicología,Ejemplar de Psicología aplicada 60 para la categoría Psicología.,https://placehold.co/200x300?text=Psicología+aplicada+60,Italiano,14,10,"moderno, teoría, didáctico"
5d56cb66-684d-449e-bf34-d6399a8e78ad,Psicología aplicada 60,Autor 45,Santillana,2012,Psicología,Ejemplar de Psicología aplicada 60 para la categoría Psicología.,https://placehold.co/200x300?text=Psicología+aplicada+60,Alemán,5,2,"aprendizaje, teoría, introducción"
1fc8585a-d913-4629-9bee-61010f503dfc,Psicología aplicada 60,Autor 45,Pearson,1997,Psicología,Ejemplar de Psicología aplicada 60 para la categoría Psicología.,https://placehold.co/200x300?text=Psicología+aplicada+60,Español,5,1,"didáctico, guía, aprendizaje"
f117d87b-85c7-4896-9c36-b9596b38bf29,Idiomas aplicada 61,Autor 12,Santillana,1995,Idiomas,Ejemplar de Idiomas aplicada 61 para la categoría Idiomas.,https://placehold.co/200x300?text=Idiomas+aplicada+61,Francés,13,4,"aprendizaje, didáctico, introducción"
d795546a-5e5f-4470-bd89-29778765bb51,Idiomas aplicada 61,Autor 12,Planeta,2021,Idiomas,Ejemplar de Idiomas aplicada 61 para la categoría Idiomas.,https://placehold.co/200x300?text=Idiomas+aplicada+61,Alemán,12,6,"teoría, introducción, didáctico"
c7c3339b-ac73-4cea-a52e-3418d72f4683,Idiomas aplicada 61,Autor 12,Planeta,2013,Idiomas,Ejemplar de Idiomas aplicada 61 para la categoría Idiomas.,https://placehold.co/200x300?text=Idiomas+aplicada+61,Español,10,4,"aprendizaje, moderno, teoría"
909f15ab-628e-4587-83b5-8d1c513cff11,Idiomas aplicada 61,Autor 12,Santillana,2021,Idiomas,Ejemplar de Idiomas aplicada 61 para la categoría Idiomas.,https://placehold.co/200x300?text=Idiomas+aplicada+61,Italiano,15,3,"aprendizaje, didáctico, investigación"
c5212bb6-24a6-4746-bd73-85165a858748,Idiomas aplicada 61,Autor 12,Planeta,1998,Idiomas,Ejemplar de Idiomas aplicada 61 para la categoría Idiomas.,https://placehold.co/200x300?text=Idiomas+aplicada+61,Español,7,2,"guía, didáctico, aprendizaje"
75d11967-77b4-41ab-94f9-2512e05941dd,Educación aplicada 62,Autor 21,Alfa,2019,Educación,Ejemplar de Educación aplicada 62 para la categoría Educación.,https://placehold.co/200x300?text=Educación+aplicada+62,Español,5,2,"didáctico, teoría, guía"
749c07a5-0464-4381-a3c3-3585426ed115,Educación aplicada 62,Autor 21,Omega,1996,Educación,Ejemplar de Educación aplicada 62 para la categoría Educación.,https://placehold.co/200x300?text=Educación+aplicada+62,Francés,15,2,"investigación, introducción, análisis"
5a379b8b-9f4d-402f-a66a-b2539149bfb4,Educación aplicada 62,Autor 21,Pearson,1998,Educación,Ejemplar de Educación aplicada 62 para la categoría Educación.,https://placehold.co/200x300?text=Educación+aplicada+62,Francés,10,3,"análisis, guía, aprendizaje"
1caeb1a6-e7ae-4985-9be3-7056636971e7,Idiomas aplicada 63,Autor 35,Santillana,2002,Idiomas,Ejemplar de Idiomas aplicada 63 para la categoría Idiomas.,https://placehold.co/200x300?text=Idiomas+aplicada+63,Inglés,8,3,"didáctico, análisis, guía"
ebbe3781-59d3-4696-903f-979b4e8aabcc,Idiomas aplicada 63,Autor 35,McGraw-Hill,1995,Idiomas,Ejemplar de Idiomas aplicada 63 para la categoría Idiomas.,https://placehold.co/200x300?text=Idiomas+aplicada+63,Inglés,16,14,"introducción, moderno, aprendizaje"
9b50db42-d2f8-4bba-ad1a-cdcb65e8b8eb,Idiomas aplicada 63,Autor 35,Planeta,1994,Idiomas,Ejemplar de Idiomas aplicada 63 para la categoría Idiomas.,https://placehold.co/200x300?text=Idiomas+aplicada+63,Francés,7,0,"didáctico, análisis, introducción"
f351184f-bfb3-4ccf-a025-634804787ef4,Idiomas aplicada 63,Autor 35,Pearson,2014,Idiomas,Ejemplar de Idiomas aplicada 63 para la categoría Idiomas.,https://placehold.co/200x300?text=Idiomas+aplicada+63,Francés,13,8,"guía, introducción, didáctico"
330a42ff-5078-46a1-9845-27b09ba98d52,Idiomas aplicada 63,Autor 35,Omega,2013,Idiomas,Ejemplar de Idiomas aplicada 63 para la categoría Idiomas.,https://placehold.co/200x300?text=Idiomas+aplicada+63,Español,17,10,"investigación, didáctico, aprendizaje"
a05eff3c-adc3-44aa-9e9d-153a9c261c6b,Idiomas aplicada 63,Autor 35,Planeta,1998,Idiomas,Ejemplar de Idiomas aplicada 63 para la categoría Idiomas.,https://placehold.co/200x300?text=Idiomas+aplicada+63,Alemán,16,8,"teoría, moderno, aprendizaje"
67d37bff-7a93-4baf-a13e-ef55e1c8ef2c,Historia aplicada 64,Autor 10,Planeta,1994,Historia,Ejemplar de Historia aplicada 64 para la categoría Historia.,https://placehold.co/200x300?text=Historia+aplicada+64,Italiano,8,4,"investigación, didáctico, análisis"
fa262a41-b419-4f9c-b59a-836f2b4790d6,Historia aplicada 64,Autor 10,Planeta,1996,Historia,Ejemplar de Historia aplicada 64 para la categoría Historia.,https://placehold.co/200x300?text=Historia+aplicada+64,Italiano,5,0,"introducción, investigación, aprendizaje"
1fc34461-ddf5-4b28-aa12-1dc497024adc,Matemáticas aplicada 65,Autor 14,McGraw-Hill,1990,Matemáticas,Ejemplar de Matemáticas aplicada 65 para la categoría Matemáticas.,https://placehold.co/200x300?text=Matemáticas+aplicada+65,Italiano,19,2,"didáctico, introducción, teoría"
1d76cebc-f9e3-4006-880c-e0ade8f2af57,Matemáticas aplicada 65,Autor 14,McGraw-Hill,2006,Matemáticas,Ejemplar de Matemáticas aplicada 65 para la categoría Matemáticas.,https://placehold.co/200x300?text=Matemáticas+aplicada+65,Alemán,5,5,"análisis, investigación, teoría"
3f2f4061-b38c-4933-8cd6-6ddfba7e52b3,Matemáticas aplicada 65,Autor 14,McGraw-Hill,2019,Matemáticas,Ejemplar de Matemáticas aplicada 65 para la categoría Matemáticas.,https://placehold.co/200x300?text=Matemáticas+aplicada+65,Italiano,5,0,"guía, didáctico, análisis"
d6cc0b52-e2a6-4752-9732-d270cc96d7e7,Idiomas aplicada 66,Autor 19,Pearson,1993,Idiomas,Ejemplar de Idiomas aplicada 66 para la categoría Idiomas.,https://placehold.co/200x300?text=Idiomas+aplicada+66,Inglés,12,9,"teoría, introducción, didáctico"
88a62ec7-2eea-4b4c-af7b-61f7b389af42,Idiomas aplicada 66,Autor 19,Norma,2009,Idiomas,Ejemplar de Idiomas aplicada 66 para la categoría Idiomas.,https://placehold.co/200x300?text=Idiomas+aplicada+66,Francés,8,1,"aprendizaje, moderno, teoría"
a9bd10a6-eafa-40bd-9ca4-78947f986e2e,Idiomas aplicada 66,Autor 19,Planeta,2005,Idiomas,Ejemplar de Idiomas aplicada 66 para la categoría Idiomas.,https://placehold.co/200x300?text=Idiomas+aplicada+66,Inglés,16,16,"teoría, guía, investigación"
25071815-eda9-4f3e-8336-2f9f967510d8,Idiomas aplicada 66,Autor 19,Norma,2009,Idiomas,Ejemplar de Idiomas aplicada 66 para la categoría Idiomas.,https://placehold.co/200x300?text=Idiomas+aplicada+66,Inglés,16,8,"moderno, didáctico, análisis"
f2bb0cbc-3498-4576-9dfe-d5cce9f2325f,Idiomas aplicada 66,Autor 19,Norma,2003,Idiomas,Ejemplar de Idiomas aplicada 66 para la categoría Idiomas.,https://placehold.co/200x300?text=Idiomas+aplicada+66,Alemán,11,11,"investigación, aprendizaje, introducción"
0937b64e-2505-4d1d-adf6-d5087548f159,Idiomas aplicada 66,Autor 19,Omega,2013,Idiomas,Ejemplar de Idiomas aplicada 66 para la categoría Idiomas.,https://placehold.co/200x300?text=Idiomas+aplicada+66,Alemán,13,13,"didáctico, guía, análisis"
06206386-9967-45a0-bb77-55af01aa0d0c,Historia aplicada 67,Autor 10,McGraw-Hill,2009,Historia,Ejemplar de Historia aplicada 67 para la categoría Historia.,https://placehold.co/200x300?text=Historia+aplicada+67,Francés,10,2,"investigación, introducción, análisis"
4eca1b4a-26ab-42bd-ba1c-51551bc06cbf,Historia aplicada 67,Autor 10,Santillana,2011,Historia,Ejemplar de Historia aplicada 67 para la categoría Historia.,https://placehold.co/200x300?text=Historia+aplicada+67,Español,15,10,"guía, didáctico, investigación"
1dc3cd08-2387-4ff8-bf62-a420f3a25753,Historia aplicada 68,Autor 49,Norma,2015,Historia,Ejemplar de Historia aplicada 68 para la categoría Historia.,https://placehold.co/200x300?text=Historia+aplicada+68,Italiano,12,1,"análisis, aprendizaje, guía"
75b7a94b-3427-4695-9138-00f528c6b6b1,Historia aplicada 68,Autor 49,Planeta,2016,Historia,Ejemplar de Historia aplicada 68 para la categoría Historia.,https://placehold.co/200x300?text=Historia+aplicada+68,Francés,17,4,"guía, moderno, aprendizaje"
9de158bd-3d11-4d8f-9652-e7e370f54d9f,Matemáticas aplicada 69,Autor 46,Pearson,2007,Matemáticas,Ejemplar de Matemáticas aplicada 69 para la categoría Matemáticas.,https://placehold.co/200x300?text=Matemáticas+aplicada+69,Italiano,14,13,"moderno, didáctico, investigación"
b0b496b5-1530-4bd6-a5da-b52d66e88550,Matemáticas aplicada 69,Autor 46,Norma,1993,Matemáticas,Ejemplar de Matemáticas aplicada 69 para la categoría Matemáticas.,https://placehold.co/200x300?text=Matemáticas+aplicada+69,Alemán,15,9,"didáctico, investigación, introducción"
97080790-5b86-4261-a8b6-fcb2bf386966,Matemáticas aplicada 69,Autor 46,Pearson,1993,Matemáticas,Ejemplar de Matemáticas aplicada 69 para la categoría Matemáticas.,https://placehold.co/200x300?text=Matemáticas+aplicada+69,Francés,18,8,"investigación, moderno, análisis"
87951fcf-91f5-41d2-8f55-ba98ed1bdeff,Psicología aplicada 70,Autor 10,Planeta,2005,Psicología,Ejemplar de Psicología aplicada 70 para la categoría Psicología.,https://placehold.co/200x300?text=Psicología+aplicada+70,Inglés,9,7,"investigación, análisis, guía"
c1a58f0b-44fc-4506-9fdb-a7650ae19489,Psicología aplicada 70,Autor 10,Norma,2007,Psicología,Ejemplar de Psicología aplicada 70 para la categoría Psicología.,https://placehold.co/200x300?text=Psicología+aplicada+70,Alemán,14,11,"moderno, teoría, análisis"
eb402b5a-df13-4727-b3bb-395d0f2a8a3e,Psicología aplicada 70,Autor 10,Alfa,2001,Psicología,Ejemplar de Psicología aplicada 70 para la categoría Psicología.,https://placehold.co/200x300?text=Psicología+aplicada+70,Español,20,7,"teoría, introducción, aprendizaje"
621c5c6d-31c7-4f23-b360-51f78e54b915,Psicología aplicada 70,Autor 10,Planeta,1994,Psicología,Ejemplar de Psicología aplicada 70 para la categoría Psicología.,https://placehold.co/200x300?text=Psicología+aplicada+70,Italiano,15,5,"didáctico, aprendizaje, teoría"
